,First Fit Times,First Fit Decreasing Times,Next Fit Times,Next Fit Decreasing Times,Best Fit Times,Best Fit Decreasing Times,Djang-Fitch Times,Djang-Fitch 2 Times
count,500.0,500.0,500.0,500.0,500.0,500.0,500.0,500.0
mean,6.950912000000001,6.4453119999999995,6.9529819999999996,6.277808,14.055866,17.196990000000003,27.461162,86.411006
std,0.5894004496402018,2.5175628612164487,0.590370371909072,0.6349209402253743,3.103962540842577,4.578877314454019,3.301190595899745,28.747149279351902
min,5.633,4.67,5.156,4.478,7.372999999999999,8.969,18.286,26.061
25%,6.53675,5.987500000000001,6.5465,5.848999999999999,11.77075,14.071250000000001,25.222,66.83
50%,6.897,6.3149999999999995,6.92,6.2355,13.6085,16.3725,27.308,82.984
75%,7.292249999999999,6.664,7.3205,6.674250000000001,16.100749999999998,19.46475,29.5015,101.74074999999999
max,8.802,61.353,8.901,8.394,23.974,37.511,47.712,223.344
