,First Fit Times,First Fit Decreasing Times,Next Fit Times,Next Fit Decreasing Times,Best Fit Times,Best Fit Decreasing Times,Djang-Fitch Times,Djang-Fitch 2 Times
count,500.0,500.0,500.0,500.0,500.0,500.0,500.0,500.0
mean,5.5285280000000006,4.9143539999999994,5.4038319999999995,4.848616,10.833668,13.510601999999999,20.78764,65.549696
std,0.9716912642614856,0.49344505340052897,0.4681808565125336,0.5062613887424785,2.4123497658012036,5.845725980584119,2.990924422348449,21.917818568671528
min,4.186999999999999,3.546,4.188,3.542,5.710999999999999,6.757,13.699,19.406
25%,5.1425,4.613,5.07125,4.4959999999999996,9.07775,10.764,19.026,50.56225
50%,5.461,4.9014999999999995,5.374,4.7965,10.4635,12.521999999999998,20.519,63.314
75%,5.818,5.20125,5.75525,5.1805,12.334,15.14675,22.35075,76.8315
max,24.159,10.724,6.737,6.739,18.516,89.884,44.878,168.17499999999998
