,Unnamed: 0.1,Unnamed: 0,0,1,2,3,4
count,500.0,500.0,500.0,500.0,500.0,500.0,500.0
mean,249.5,249.5,0.5565632834061444,0.5529759031288023,0.5569836359300966,0.5570071487556998,0.5569736799156998
std,144.4818327679989,144.4818327679989,0.06497144422391368,0.06441497719347915,0.06610282653854216,0.06619504677610895,0.06612713864887672
min,0.0,0.0,0.38466413,0.3735221433333333,0.38466413,0.38466413,0.38466413
25%,124.75,124.75,0.5123423962121212,0.5086449425000001,0.5119189270738635,0.5119189270738635,0.5119189270738635
50%,249.5,249.5,0.555792391875,0.5529304152678571,0.5550746607142856,0.5555610825892856,0.5555610825892856
75%,374.25,374.25,0.597682314375,0.5940653907142857,0.598226554419643,0.598913031904762,0.598913031904762
max,499.0,499.0,0.7599138616666666,0.7599138616666666,0.7599138616666666,0.7599138616666666,0.7599138616666666
