,Unnamed: 0,0,1,2,3,4
count,500.0,500.0,500.0,500.0,500.0,500.0
mean,249.5,0.5571589953750462,0.5571863369283794,0.5571863369283794,0.5571863369283794,0.5554430001230476
std,144.4818327679989,0.0655577671784764,0.06555760675265755,0.06555760675265755,0.06555760675265755,0.06573294642844632
min,0.0,0.38466413,0.38466413,0.38466413,0.38466413,0.38466413
25%,124.75,0.5123899892532467,0.5123899892532467,0.5123899892532467,0.5123899892532467,0.5099156150649351
50%,249.5,0.5557844307142856,0.5565494716666666,0.5565494716666666,0.5565494716666666,0.5541235163095238
75%,374.25,0.5973431752232142,0.5973431752232142,0.5973431752232142,0.5973431752232142,0.5963075888194445
max,499.0,0.7599138616666666,0.7599138616666666,0.7599138616666666,0.7599138616666666,0.7586945283333334
